1,1,22,3,19,4,0,2,0,-78,110,1000,560.4,252.5
2,1,22,3,19,4,0,2,0,-78,110,500,599.5,253.8
3,1,22,3,19,4,0,2,0,-78,110,100,631.4,249.7
4,1,22,3,19,4,0,2,0,-72,140,1000,635.8,265.4
5,1,22,3,19,4,0,2,0,-72,140,500,678.1,264.7
6,1,22,3,19,4,0,2,0,-72,140,100,713.3,261.8
7,1,22,3,19,4,0,2,0,-76,122,1000,577.4,257.2
8,1,22,3,19,4,0,2,0,-76,122,500,616.9,259
9,1,22,3,19,4,0,2,0,-76,122,100,649.9,258.2
1,1,22,3,19,3,0,3,-1,-77.631,108.69,964.9,558.1,252
2,1,22,3,19,3,0,3,-1,-77.76,108.92,500.4,594.5,253.6
3,1,22,3,19,3,0,3,-1,-77.87,109.416,101.4,629.9,248.7
4,1,22,3,19,3,0,3,-1,-71.935,142.191,865.1,655.2,267.2
5,1,22,3,19,3,0,3,-1,-72.058,142.03,405.5,692.3,266.2
6,1,22,3,19,3,0,3,-1,-72.136,141.136,79.3,718.6,261.7
7,1,22,3,19,3,0,3,-1,-75.787,122.107,996.2,577.9,257.3
8,1,22,3,19,3,0,3,-1,-75.879,122.089,505,616.5,259.1
9,1,22,3,19,3,0,3,-1,-75.967,122.128,100.4,650.4,258
1,1,22,3,19,2,0,2,-2,-77.218,107.779,929.6,561,252.5
2,1,22,3,19,2,0,2,-2,-77.471,108.005,498.3,594.9,253.8
3,1,22,3,19,2,0,2,-2,-77.718,108.871,102.6,628.7,248.8
4,1,22,3,19,2,0,2,-2,-71.995,144.187,727.7,676.8,268.9
5,1,22,3,19,2,0,2,-2,-72.22,143.781,331.4,707.9,267
6,1,22,3,19,2,0,2,-2,-72.296,141.989,62,723.7,261.4
7,1,22,3,19,2,0,2,-2,-75.568,122.362,987.9,578.3,257.6
8,1,22,3,19,2,0,2,-2,-75.747,122.202,504.9,617.1,259.2
9,1,22,3,19,2,0,2,-2,-75.928,122.169,100.4,650.9,257
1,1,22,3,19,1,0,1,-3,-76.771,107.276,897.8,565.1,253
2,1,22,3,19,1,0,1,-3,-77.139,107.338,500,594.4,253.9
3,1,22,3,19,1,0,1,-3,-77.546,108.405,106.1,627.6,248
4,1,22,3,19,1,0,1,-3,-72.222,145.967,630.5,687.8,270
5,1,22,3,19,1,0,1,-3,-72.486,145.17,288.7,711.6,267
6,1,22,3,19,1,0,1,-3,-72.486,142.677,49.9,726.8,261.3
7,1,22,3,19,1,0,1,-3,-75.353,122.8,972.5,578.2,257.7
8,1,22,3,19,1,0,1,-3,-75.608,122.386,504.8,617.1,259.3
9,1,22,3,19,1,0,1,-3,-75.88,122.15,100.3,651.3,256
1,1,22,3,19,0,0,0,-4,-76.318,107.121,870.2,569.7,253.5
2,1,22,3,19,0,0,0,-4,-76.789,106.919,496.8,596.1,253.9
3,1,22,3,19,0,0,0,-4,-77.36,108.018,110.4,627.4,246.2
4,1,22,3,19,0,0,0,-4,-72.585,147.438,638.6,687.4,270.2
5,1,22,3,19,0,0,0,-4,-72.843,146.256,276,711.2,267.2
6,1,22,3,19,0,0,0,-4,-72.713,143.293,43.3,727.4,261
7,1,22,3,19,0,0,0,-4,-75.148,123.417,954,578.6,258
8,1,22,3,19,0,0,0,-4,-75.463,122.658,504.5,616.6,259.4
9,1,22,3,19,0,0,0,-4,-75.822,122.08,100.4,651.7,255
1,1,22,3,18,23,0,1,-5,-75.869,107.281,859.3,573.8,254
2,1,22,3,18,23,0,1,-5,-76.416,106.741,504.2,597.5,254.6
3,1,22,3,18,23,0,1,-5,-77.157,107.737,115.1,626.1,247.9
4,1,22,3,18,23,0,1,-5,-73.03,148.468,694.5,677.8,269.9
5,1,22,3,18,23,0,1,-5,-73.267,147.019,329.8,705.5,267.6
6,1,22,3,18,23,0,1,-5,-72.967,143.796,42.5,726.4,259.4
7,1,22,3,18,23,0,1,-5,-74.954,124.112,957,579,258.2
8,1,22,3,18,23,0,1,-5,-75.304,122.995,508.9,615,259.6
9,1,22,3,18,23,0,1,-5,-75.739,121.982,100.5,652.2,255.8
1,1,22,3,18,22,0,2,-6,-75.438,107.66,865.6,577.7,254.5
2,1,22,3,18,22,0,2,-6,-76.028,106.816,522.5,599.1,255.2
3,1,22,3,18,22,0,2,-6,-76.926,107.596,121.5,626,250.7
4,1,22,3,18,22,0,2,-6,-73.55,149.01,731.3,669.7,269.4
5,1,22,3,18,22,0,2,-6,-73.763,147.398,407.4,693,268.2
6,1,22,3,18,22,0,2,-6,-73.227,144.109,50,724.8,258.3
7,1,22,3,18,22,0,2,-6,-74.786,124.777,983.5,580.8,258.5
8,1,22,3,18,22,0,2,-6,-75.135,123.339,524.3,613.6,259.8
9,1,22,3,18,22,0,2,-6,-75.619,121.893,100.9,652.6,256.6
1,1,22,3,18,21,0,3,-7,-75.002,108.171,870.9,582.6,254.9
2,1,22,3,18,21,0,3,-7,-75.651,107.045,554.6,601.2,255.5
3,1,22,3,18,21,0,3,-7,-76.671,107.576,130.7,627.3,253.5
4,1,22,3,18,21,0,3,-7,-74.123,149.097,806.4,659.6,268.7
5,1,22,3,18,21,0,3,-7,-74.306,147.359,470.2,684.2,267.9
6,1,22,3,18,21,0,3,-7,-73.494,144.234,66.2,722.5,257.5
7,1,22,3,18,21,0,3,-7,-74.648,125.414,1027.3,579.7,258.5
8,1,22,3,18,21,0,3,-7,-74.97,123.667,552.6,611.9,260.1
9,1,22,3,18,21,0,3,-7,-75.471,121.833,101.6,653,257.2
1,1,22,3,18,20,0,2,-8,-74.569,108.818,870.4,590.6,255.8
2,1,22,3,18,20,0,2,-8,-75.263,107.406,572.2,601.4,255.8
3,1,22,3,18,20,0,2,-8,-76.409,107.675,137.4,628.6,254.7
4,1,22,3,18,20,0,2,-8,-74.73,148.672,917.8,648.1,267.9
5,1,22,3,18,20,0,2,-8,-74.866,146.888,523.5,680,267.5
6,1,22,3,18,20,0,2,-8,-73.775,144.207,92.6,717.9,258.6
7,1,22,3,18,20,0,2,-8,-74.528,125.997,1091.7,575.3,258.2
8,1,22,3,18,20,0,2,-8,-74.802,124.017,586.7,609.6,260
9,1,22,3,18,20,0,2,-8,-75.303,121.854,102.4,653.2,257.8
1,1,22,3,18,19,0,1,-9,-74.149,109.592,859.5,596.4,256.3
2,1,22,3,18,19,0,1,-9,-74.86,107.951,549.8,608.7,256.6
3,1,22,3,18,19,0,1,-9,-76.147,107.913,135.5,631.2,255.8
4,1,22,3,18,19,0,1,-9,-75.345,147.743,1051.5,636.7,266.6
5,1,22,3,18,19,0,1,-9,-75.422,146.044,585.9,672.7,266.8
6,1,22,3,18,19,0,1,-9,-74.086,144.051,132,712.2,260.8
7,1,22,3,18,19,0,1,-9,-74.413,126.53,1159.2,570.9,257.8
8,1,22,3,18,19,0,1,-9,-74.629,124.433,612.3,609.8,260.1
9,1,22,3,18,19,0,1,-9,-75.117,121.982,102.9,653.4,258.5
1,1,22,3,18,18,0,0,-10,-73.721,110.467,827.5,604.2,257
2,1,22,3,18,18,0,0,-10,-74.467,108.704,509.2,621.2,257.7
3,1,22,3,18,18,0,0,-10,-75.881,108.298,124.5,636.5,257.1
4,1,22,3,18,18,0,0,-10,-75.952,146.412,1193.7,619.8,264.9
5,1,22,3,18,18,0,0,-10,-75.979,144.881,682.8,661.5,266.6
6,1,22,3,18,18,0,0,-10,-74.437,143.719,169.4,706.5,263.6
7,1,22,3,18,18,0,0,-10,-74.304,127.033,1206.2,570.2,257.7
8,1,22,3,18,18,0,0,-10,-74.457,124.896,622.3,611.5,260.4
9,1,22,3,18,18,0,0,-10,-74.911,122.204,103,653.1,259.4
1,1,22,3,18,17,0,1,-11,-73.28,111.478,801.9,610.5,257.8
2,1,22,3,18,17,0,1,-11,-74.077,109.634,464.9,629.7,258.9
3,1,22,3,18,17,0,1,-11,-75.618,108.83,104.4,643.3,258
4,1,22,3,18,17,0,1,-11,-76.541,144.672,1327.8,608.3,263.6
5,1,22,3,18,17,0,1,-11,-76.538,143.394,720.2,654.7,266.3
6,1,22,3,18,17,0,1,-11,-74.82,143.123,185,703.5,264.2
7,1,22,3,18,17,0,1,-11,-74.196,127.519,1231,569.9,257.8
8,1,22,3,18,17,0,1,-11,-74.288,125.39,632.1,611.7,260.6
9,1,22,3,18,17,0,1,-11,-74.695,122.532,105.1,652.8,259.8
1,1,22,3,18,16,0,2,-12,-72.851,112.659,780.8,617.2,258.6
2,1,22,3,18,16,0,2,-12,-73.689,110.712,418.8,638.2,260
3,1,22,3,18,16,0,2,-12,-75.374,109.464,82.2,649.4,258.9
4,1,22,3,18,16,0,2,-12,-77.078,142.564,1386.9,600.3,262.9
5,1,22,3,18,16,0,2,-12,-77.073,141.487,733.5,653.5,266.4
6,1,22,3,18,16,0,2,-12,-75.227,142.205,199.7,697,265.1
7,1,22,3,18,16,0,2,-12,-74.09,127.969,1243.5,569.9,257.9
8,1,22,3,18,16,0,2,-12,-74.122,125.881,655.5,610.2,260.7
9,1,22,3,18,16,0,2,-12,-74.474,122.966,110.5,652.5,260.1
1,1,22,3,18,15,0,3,-13,-72.42,113.989,796.2,618.5,258.8
2,1,22,3,18,15,0,3,-13,-73.315,111.951,402,644.1,260.7
3,1,22,3,18,15,0,3,-13,-75.139,110.17,59.6,655.9,259.8
4,1,22,3,18,15,0,3,-13,-77.557,140.129,1447,596.6,262.7
5,1,22,3,18,15,0,3,-13,-77.531,139.096,780.2,647.4,266.5
6,1,22,3,18,15,0,3,-13,-75.636,140.923,231.3,693,264.4
7,1,22,3,18,15,0,3,-13,-73.997,128.36,1244.7,570.2,258.2
8,1,22,3,18,15,0,3,-13,-73.954,126.342,692.5,609.6,260.8
9,1,22,3,18,15,0,3,-13,-74.252,123.472,116.8,653.3,259.9
1,1,22,3,18,14,0,2,-14,-71.984,115.429,788.5,626.1,259.7
2,1,22,3,18,14,0,2,-14,-72.95,113.324,418.1,645.3,261
3,1,22,3,18,14,0,2,-14,-74.929,110.906,46.9,661.9,260.4
4,1,22,3,18,14,0,2,-14,-77.933,137.322,1490.4,589.4,262.2
5,1,22,3,18,14,0,2,-14,-77.902,136.245,827.1,640.4,266.3
6,1,22,3,18,14,0,2,-14,-75.988,139.39,290.9,682.9,264.2
7,1,22,3,18,14,0,2,-14,-73.898,128.672,1239.8,571.2,258.4
8,1,22,3,18,14,0,2,-14,-73.775,126.755,735.4,608.9,260.9
9,1,22,3,18,14,0,2,-14,-74.041,124.02,120.3,655,259.5
1,1,22,3,18,13,0,1,-15,-71.578,116.905,748.9,638.7,260.7
2,1,22,3,18,13,0,1,-15,-72.589,114.708,437.9,646.5,261.4
3,1,22,3,18,13,0,1,-15,-74.748,111.661,41.1,665.3,260.8
4,1,22,3,18,13,0,1,-15,-78.246,134.249,1516.6,583.7,261.8
5,1,22,3,18,13,0,1,-15,-78.203,133.005,902.5,625.4,265
6,1,22,3,18,13,0,1,-15,-76.253,137.725,352.9,675.4,264.1
7,1,22,3,18,13,0,1,-15,-73.771,128.903,1238.1,571.9,258.6
8,1,22,3,18,13,0,1,-15,-73.574,127.163,767,608,261
9,1,22,3,18,13,0,1,-15,-73.842,124.595,122.9,656.6,259.7
1,1,22,3,18,12,0,0,-16,-71.205,118.379,722.8,644.9,261.1
2,1,22,3,18,12,0,0,-16,-72.238,116.079,434.7,653.3,262
3,1,22,3,18,12,0,0,-16,-74.573,112.452,39.6,668.4,261.2
4,1,22,3,18,12,0,0,-16,-78.493,130.722,1607.5,565.9,260.2
5,1,22,3,18,12,0,0,-16,-78.394,129.439,1053.2,602.7,263.1
6,1,22,3,18,12,0,0,-16,-76.481,135.919,424.7,666.8,264
7,1,22,3,18,12,0,0,-16,-73.611,129.064,1246,572.1,258.7
8,1,22,3,18,12,0,0,-16,-73.344,127.59,790.2,606.9,261.1
9,1,22,3,18,12,0,0,-16,-73.643,125.164,131.1,657.6,260
1,1,22,3,18,11,0,1,-17,-70.835,119.89,722.4,652.2,261.7
2,1,22,3,18,11,0,1,-17,-71.912,117.424,427.2,659.9,262.5
3,1,22,3,18,11,0,1,-17,-74.394,113.244,40.8,669.7,261.2
4,1,22,3,18,11,0,1,-17,-78.58,126.961,1709.9,548.6,258.5
5,1,22,3,18,11,0,1,-17,-78.453,125.779,1174.4,585,261.4
6,1,22,3,18,11,0,1,-17,-76.684,133.884,493.2,659.1,265.3
7,1,22,3,18,11,0,1,-17,-73.427,129.229,1268,571.1,258.7
8,1,22,3,18,11,0,1,-17,-73.097,128.052,818.8,605.2,261.1
9,1,22,3,18,11,0,1,-17,-73.445,125.716,138.9,658.2,260.3
1,1,22,3,18,10,0,2,-18,-70.443,121.451,716.4,657.4,262.2
2,1,22,3,18,10,0,2,-18,-71.6,118.754,408.7,666.4,263.3
3,1,22,3,18,10,0,2,-18,-74.212,114.018,41,671.2,261.1
4,1,22,3,18,10,0,2,-18,-78.522,123.139,1787.6,536.1,257.3
5,1,22,3,18,10,0,2,-18,-78.384,122.066,1279.6,572.3,260.2
6,1,22,3,18,10,0,2,-18,-76.846,131.41,602.6,640,265.3
7,1,22,3,18,10,0,2,-18,-73.224,129.449,1291.9,569.7,258.7
8,1,22,3,18,10,0,2,-18,-72.844,128.572,850.6,603.8,261.2
9,1,22,3,18,10,0,2,-18,-73.257,126.252,136.5,659.8,260.2
1,1,22,3,18,9,0,3,-19,-70.046,123.039,630.8,666.1,262.9
2,1,22,3,18,9,0,3,-19,-71.305,120.121,380.9,672.7,264
3,1,22,3,18,9,0,3,-19,-74.034,114.808,40.6,672.2,261.5
4,1,22,3,18,9,0,3,-19,-78.3,119.546,1843.5,526.1,256.4
5,1,22,3,18,9,0,3,-19,-78.139,118.563,1364.5,557.9,259
6,1,22,3,18,9,0,3,-19,-76.92,128.748,695.3,623.2,263.6
7,1,22,3,18,9,0,3,-19,-72.997,129.723,1307.6,568.6,258.7
8,1,22,3,18,9,0,3,-19,-72.578,129.17,877,603.5,261.2
9,1,22,3,18,9,0,3,-19,-73.08,126.773,129,661.4,260.6
1,1,22,3,18,8,0,2,-20,-69.648,124.782,530.3,681.5,264.2
2,1,22,3,18,8,0,2,-20,-71,121.544,371.5,675.3,264.3
3,1,22,3,18,8,0,2,-20,-73.864,115.585,40.5,672.9,261.4
4,1,22,3,18,8,0,2,-20,-77.909,116.408,1923.2,512.8,254.9
5,1,22,3,18,8,0,2,-20,-77.734,115.488,1457.6,543.7,257.7
6,1,22,3,18,8,0,2,-20,-76.878,126.201,792.2,610.7,262.4
7,1,22,3,18,8,0,2,-20,-72.754,130.069,1327.7,568.9,258.9
8,1,22,3,18,8,0,2,-20,-72.307,129.844,910.4,602.5,261.3
9,1,22,3,18,8,0,2,-20,-72.909,127.274,127.6,663,260.6
1,1,22,3,18,7,0,1,-21,-69.313,126.603,431.5,702.3,265.4
2,1,22,3,18,7,0,1,-21,-70.702,123.045,327.1,680.6,264.7
3,1,22,3,18,7,0,1,-21,-73.687,116.327,38.9,673.5,261.9
4,1,22,3,18,7,0,1,-21,-77.379,113.916,2022.1,501.5,253.6
5,1,22,3,18,7,0,1,-21,-77.19,113.017,1572.6,531.1,256.2
6,1,22,3,18,7,0,1,-21,-76.718,123.803,874.5,598.7,261.8
7,1,22,3,18,7,0,1,-21,-72.508,130.493,1362.2,569.9,259.1
8,1,22,3,18,7,0,1,-21,-72.04,130.546,956.8,603.4,261.4
9,1,22,3,18,7,0,1,-21,-72.741,127.746,127.7,664.7,260.4
1,1,22,3,18,6,0,0,-22,-69.088,128.278,264.9,730.1,267.1
2,1,22,3,18,6,0,0,-22,-70.394,124.669,292.6,685.4,265
3,1,22,3,18,6,0,0,-22,-73.495,117.051,35.8,674.8,262.2
4,1,22,3,18,6,0,0,-22,-76.731,112.181,2152.8,492.2,252.4
5,1,22,3,18,6,0,0,-22,-76.512,111.368,1680.5,524.1,255.3
6,1,22,3,18,6,0,0,-22,-76.453,121.545,948.9,591.4,261.1
7,1,22,3,18,6,0,0,-22,-72.256,130.971,1407.4,570.5,259.2
8,1,22,3,18,6,0,0,-22,-71.779,131.24,994.6,606.7,261.8
9,1,22,3,18,6,0,0,-22,-72.576,128.198,127.7,666.2,260.3
1,1,22,3,18,5,0,1,-23,-68.945,129.81,197.4,743.7,268.3
2,1,22,3,18,5,0,1,-23,-70.142,126.362,248.8,695.2,265.2
3,1,22,3,18,5,0,1,-23,-73.291,117.77,33.4,675.2,262.2
4,1,22,3,18,5,0,1,-23,-76.011,111.244,2210.9,491.7,252.1
5,1,22,3,18,5,0,1,-23,-75.749,110.432,1726,524.3,255.2
6,1,22,3,18,5,0,1,-23,-76.064,119.649,994.9,585.7,260.5
7,1,22,3,18,5,0,1,-23,-72.008,131.463,1461.7,568.3,259
8,1,22,3,18,5,0,1,-23,-71.531,131.937,1025.1,608.6,262
9,1,22,3,18,5,0,1,-23,-72.413,128.643,129.2,667.4,260.7
1,1,22,3,18,4,0,2,-24,-68.842,131.337,205.2,743.7,268.6
2,1,22,3,18,4,0,2,-24,-69.967,127.951,187.5,708.5,265.3
3,1,22,3,18,4,0,2,-24,-73.075,118.495,31.1,676.9,262.3
4,1,22,3,18,4,0,2,-24,-75.231,110.872,2202.6,498.2,252.9
5,1,22,3,18,4,0,2,-24,-74.931,110.137,1682.7,533.1,256.1
6,1,22,3,18,4,0,2,-24,-75.564,118.229,1006.1,587.4,260.7
7,1,22,3,18,4,0,2,-24,-71.774,131.964,1514.5,568.2,259.2
8,1,22,3,18,4,0,2,-24,-71.303,132.621,1048,611.6,262.4
9,1,22,3,18,4,0,2,-24,-72.253,129.075,133.4,669.2,260.7
1,1,22,3,18,3,0,3,-25,-68.709,132.864,253.1,729.5,267.3
2,1,22,3,18,3,0,3,-25,-69.818,129.393,151.6,719.4,266
3,1,22,3,18,3,0,3,-25,-72.852,119.229,26.4,680.3,262.8
4,1,22,3,18,3,0,3,-25,-74.403,111.079,2102.4,510.5,254.3
5,1,22,3,18,3,0,3,-25,-74.069,110.595,1561.5,549.9,257.9
6,1,22,3,18,3,0,3,-25,-74.994,117.32,1014.5,589.7,261
7,1,22,3,18,3,0,3,-25,-71.557,132.469,1564.1,569.2,259.4
8,1,22,3,18,3,0,3,-25,-71.093,133.264,1056.4,615.9,262.9
9,1,22,3,18,3,0,3,-25,-72.101,129.488,139.4,670.7,260.4
1,1,22,3,18,2,0,2,-26,-68.555,134.504,296.6,723.5,267.1
2,1,22,3,18,2,0,2,-26,-69.686,130.771,147,723.8,266
3,1,22,3,18,2,0,2,-26,-72.623,119.99,22.5,684.7,263.1
4,1,22,3,18,2,0,2,-26,-73.559,111.91,2015.8,522.7,255.6
5,1,22,3,18,2,0,2,-26,-73.158,111.651,1490.1,563.8,259
6,1,22,3,18,2,0,2,-26,-74.35,117.006,1001.5,593.6,261.1
7,1,22,3,18,2,0,2,-26,-71.349,132.933,1603.2,570,259.4
8,1,22,3,18,2,0,2,-26,-70.897,133.855,1081.3,619.7,263.1
9,1,22,3,18,2,0,2,-26,-71.95,129.89,145.2,672.2,260.1
1,1,22,3,18,1,0,1,-27,-68.462,135.992,279.6,735,266.6
2,1,22,3,18,1,0,1,-27,-69.589,132.025,163.4,722.3,265.6
3,1,22,3,18,1,0,1,-27,-72.4,120.782,20.9,688.8,262.5
4,1,22,3,18,1,0,1,-27,-72.712,113.115,2027.7,528.7,256.4
5,1,22,3,18,1,0,1,-27,-72.217,113.099,1500.3,571.4,259.5
6,1,22,3,18,1,0,1,-27,-73.635,117.186,985.8,597.9,261.4
7,1,22,3,18,1,0,1,-27,-71.146,133.337,1638.6,571.7,259.5
8,1,22,3,18,1,0,1,-27,-70.711,134.394,1133.3,622.7,263.4
9,1,22,3,18,1,0,1,-27,-71.8,130.276,148.9,676.6,260.1
1,1,22,3,18,0,0,0,-28,-68.426,137.322,289,738.1,266.5
2,1,22,3,18,0,0,0,-28,-69.488,133.219,200.9,715.4,265.1
3,1,22,3,18,0,0,0,-28,-72.186,121.605,20.8,690.1,261.4
4,1,22,3,18,0,0,0,-28,-71.882,114.689,2113.6,531.2,256.7
5,1,22,3,18,0,0,0,-28,-71.301,115.038,1495.1,586.9,260.6
6,1,22,3,18,0,0,0,-28,-72.907,117.769,963.7,604.8,262
7,1,22,3,18,0,0,0,-28,-70.946,133.683,1701.3,571.2,259.5
8,1,22,3,18,0,0,0,-28,-70.531,134.88,1186.6,625.9,263.7
9,1,22,3,18,0,0,0,-28,-71.651,130.647,160,680.3,260.4
1,1,22,3,17,23,0,1,-29,-68.444,138.455,301.7,742.2,266.1
2,1,22,3,17,23,0,1,-29,-69.373,134.343,248.7,710.5,265
3,1,22,3,17,23,0,1,-29,-71.988,122.46,20.4,690.1,261.3
4,1,22,3,17,23,0,1,-29,-71.058,116.58,2075.9,549.7,258.4
5,1,22,3,17,23,0,1,-29,-70.434,117.31,1397.9,613.1,262.4
6,1,22,3,17,23,0,1,-29,-72.184,118.794,916.4,618.8,262.9
7,1,22,3,17,23,0,1,-29,-70.73,133.984,1774.4,569.1,259.4
8,1,22,3,17,23,0,1,-29,-70.348,135.342,1228.2,625.8,263.6
9,1,22,3,17,23,0,1,-29,-71.496,131.031,172.1,683.2,260.4
1,1,22,3,17,22,0,2,-30,-68.533,139.366,302,748.7,266.2
2,1,22,3,17,22,0,2,-30,-69.275,135.275,230.5,719.9,264.4
3,1,22,3,17,22,0,2,-30,-71.795,123.334,19.3,691.7,261.4
4,1,22,3,17,22,0,2,-30,-70.208,118.649,1987,571.1,260.2
5,1,22,3,17,22,0,2,-30,-69.558,119.791,1291.4,640.1,264.2
6,1,22,3,17,22,0,2,-30,-71.442,120.167,853.9,633.9,263.9
7,1,22,3,17,22,0,2,-30,-70.485,134.266,1822.9,570.7,259.7
8,1,22,3,17,22,0,2,-30,-70.158,135.788,1260,625.4,263.5
9,1,22,3,17,22,0,2,-30,-71.338,131.453,169.2,686.5,259.8
1,1,22,3,17,21,0,3,-31,-68.707,140.128,327.6,751.4,267.2
2,1,22,3,17,21,0,3,-31,-69.212,136.041,211.5,725.3,263.7
3,1,22,3,17,21,0,3,-31,-71.595,124.235,19.4,693.2,261.7
4,1,22,3,17,21,0,3,-31,-69.375,121,1872.1,596,262.4
5,1,22,3,17,21,0,3,-31,-68.781,122.589,1033,679.3,266.3
6,1,22,3,17,21,0,3,-31,-70.677,121.799,860.5,644.2,264.7
7,1,22,3,17,21,0,3,-31,-70.206,134.565,1844.2,574.9,260.1
8,1,22,3,17,21,0,3,-31,-69.958,136.211,1293,625.1,263.6
9,1,22,3,17,21,0,3,-31,-71.177,131.931,163.7,690.1,259.5
1,1,22,3,17,20,0,2,-32,-68.903,140.779,377.4,750.7,268.1
2,1,22,3,17,20,0,2,-32,-69.159,136.708,212.8,727.4,262.6
3,1,22,3,17,20,0,2,-32,-71.404,125.156,19.4,694.2,262.1
4,1,22,3,17,20,0,2,-32,-68.609,123.608,1709.6,624.3,264.4
5,1,22,3,17,20,0,2,-32,-68.077,125.441,1014.8,695.7,267.1
6,1,22,3,17,20,0,2,-32,-69.924,123.685,807.2,657,265.2
7,1,22,3,17,20,0,2,-32,-69.888,134.927,1863,579.8,260.8
8,1,22,3,17,20,0,2,-32,-69.749,136.577,1332,624.3,263.8
9,1,22,3,17,20,0,2,-32,-71.007,132.456,167.5,693.1,260.8
1,1,22,3,17,19,0,1,-33,-69.096,141.265,439,745.4,267.8
2,1,22,3,17,19,0,1,-33,-69.107,137.277,217.3,728.4,262.3
3,1,22,3,17,19,0,1,-33,-71.231,126.028,19.7,696.4,262.4
4,1,22,3,17,19,0,1,-33,-67.823,126.207,1605.2,671.8,266.8
5,1,22,3,17,19,0,1,-33,-67.577,127.949,463.9,837.1,273.9
6,1,22,3,17,19,0,1,-33,-69.255,125.728,725.3,679.4,266.1
7,1,22,3,17,19,0,1,-33,-69.55,135.342,1882.9,581.7,261
8,1,22,3,17,19,0,1,-33,-69.533,136.888,1358.2,624.8,264
9,1,22,3,17,19,0,1,-33,-70.823,132.973,171.8,696.3,261.6
1,1,22,3,17,18,0,0,-34,-69.296,141.575,506.7,738.2,267.5
2,1,22,3,17,18,0,0,-34,-69.063,137.784,229.1,728.2,262.8
3,1,22,3,17,18,0,0,-34,-71.076,126.838,20,699,263.1
4,1,22,3,17,18,0,0,-34,-67.252,128.67,636.7,875.9,277.5
5,1,22,3,17,18,0,0,-34,-67.292,130.402,720.2,806.1,274.5
6,1,22,3,17,18,0,0,-34,-68.698,127.855,530.5,728.1,268.6
7,1,22,3,17,18,0,0,-34,-69.207,135.813,1898.4,585,261.3
8,1,22,3,17,18,0,0,-34,-69.318,137.188,1370.4,626.5,264.3
9,1,22,3,17,18,0,0,-34,-70.63,133.47,174.9,701.4,261.9
1,1,22,3,17,17,0,1,-35,-69.493,141.761,586.5,729.3,267.3
2,1,22,3,17,17,0,1,-35,-69.032,138.267,244.4,729,263.6
3,1,22,3,17,17,0,1,-35,-70.949,127.617,7.3,702.7,262.9
4,1,22,3,17,17,0,1,-35,-66.749,131.411,1338.8,752,272.2
5,1,22,3,17,17,0,1,-35,-66.732,133.005,1160.5,758.7,271.2
6,1,22,3,17,17,0,1,-35,-68.286,129.793,340.8,771.3,270.6
7,1,22,3,17,17,0,1,-35,-68.864,136.349,1916.3,590.1,261.7
8,1,22,3,17,17,0,1,-35,-69.103,137.495,1377.4,628.4,264.6
9,1,22,3,17,17,0,1,-35,-70.45,133.968,169.2,706,261.8
1,1,22,3,17,16,0,2,-36,-69.669,141.799,692.1,715.8,266.6
2,1,22,3,17,16,0,2,-36,-69.038,138.728,252.9,731.2,264.3
3,1,22,3,17,16,0,2,-36,-70.849,128.384,0,707,262.6
4,1,22,3,17,16,0,2,-36,-66.195,133.932,1409.7,810.8,274.5
5,1,22,3,17,16,0,2,-36,-66.349,135.386,1052.4,834.1,273.1
6,1,22,3,17,16,0,2,-36,-67.953,131.631,343.7,776.2,270.8
7,1,22,3,17,16,0,2,-36,-68.519,136.894,1951.2,596.2,262.3
8,1,22,3,17,16,0,2,-36,-68.88,137.775,1383.4,632.9,265
9,1,22,3,17,16,0,2,-36,-70.293,134.45,153.5,714.8,261.9
1,1,22,3,17,15,0,3,-37,-69.801,141.652,829.1,698.4,266.4
2,1,22,3,17,15,0,3,-37,-69.079,139.152,257.8,734,264.6
3,1,22,3,17,15,0,3,-37,-70.764,129.112,0,710.5,262.5
4,1,22,3,17,15,0,3,-37,-65.863,136.335,1276.3,855.3,275.9
5,1,22,3,17,15,0,3,-37,-66.179,137.621,975.3,869.6,274.6
6,1,22,3,17,15,0,3,-37,-67.592,133.599,473.1,763.4,269.8
7,1,22,3,17,15,0,3,-37,-68.175,137.455,1997.4,603.4,263
8,1,22,3,17,15,0,3,-37,-68.645,138.008,1391.1,640.1,265.4
9,1,22,3,17,15,0,3,-37,-70.163,134.886,136.7,723.3,262.7
1,1,22,3,17,14,0,2,-38,-69.881,141.365,952.9,680.6,265.8
2,1,22,3,17,14,0,2,-38,-69.133,139.532,274,736.3,264.9
3,1,22,3,17,14,0,2,-38,-70.681,129.823,0,715,262.3
4,1,22,3,17,14,0,2,-38,-65.584,138.328,1172.9,868.4,276.6
5,1,22,3,17,14,0,2,-38,-66.101,139.439,963,883.2,275.4
6,1,22,3,17,14,0,2,-38,-67.33,135.409,443.6,785.1,270.3
7,1,22,3,17,14,0,2,-38,-67.826,138.042,2018,621.2,264.3
8,1,22,3,17,14,0,2,-38,-68.388,138.243,1393.9,649.3,266
9,1,22,3,17,14,0,2,-38,-70.053,135.298,122.5,727,263
1,1,22,3,17,13,0,1,-39,-69.913,140.993,1046.9,665.9,265.3
2,1,22,3,17,13,0,1,-39,-69.183,139.887,292.4,738.2,265
3,1,22,3,17,13,0,1,-39,-70.596,130.532,0,717.4,262.3
4,1,22,3,17,13,0,1,-39,-65.299,139.98,1113.1,875.9,277.2
5,1,22,3,17,13,0,1,-39,-66.064,140.955,942.3,893.2,275.7
6,1,22,3,17,13,0,1,-39,-67.186,137.015,438.6,805,270.2
7,1,22,3,17,13,0,1,-39,-67.477,138.634,1999.2,650,266.2
8,1,22,3,17,13,0,1,-39,-68.099,138.519,1380.4,661.1,266.6
9,1,22,3,17,13,0,1,-39,-69.951,135.729,112.1,729.7,263
1,1,22,3,17,12,0,0,-40,-69.887,140.538,1124.4,657,265
2,1,22,3,17,12,0,0,-40,-69.231,140.227,302.9,741.4,264.9
3,1,22,3,17,12,0,0,-40,-70.506,131.218,0,718.8,262.2
4,1,22,3,17,12,0,0,-40,-65.008,141.38,1112.3,876.5,277.4
5,1,22,3,17,12,0,0,-40,-66.045,142.202,978.6,892.2,275.8
6,1,22,3,17,12,0,0,-40,-67.142,138.41,499.5,811.8,271
7,1,22,3,17,12,0,0,-40,-67.139,139.222,1971.4,682.8,268.2
8,1,22,3,17,12,0,0,-40,-67.774,138.847,1347.2,685.7,268
9,1,22,3,17,12,0,0,-40,-69.854,136.183,108.1,732.1,262.7
1,1,22,3,17,11,0,1,-41,-69.815,140.091,1146.9,653,265
2,1,22,3,17,11,0,1,-41,-69.301,140.551,313.9,743.8,264.6
3,1,22,3,17,11,0,1,-41,-70.405,131.895,0,720.9,262
4,1,22,3,17,11,0,1,-41,-64.683,142.566,1080.4,880.5,278.1
5,1,22,3,17,11,0,1,-41,-66.025,143.202,1003.2,891.6,275.7
6,1,22,3,17,11,0,1,-41,-67.14,139.626,592.9,820.3,271.5
7,1,22,3,17,11,0,1,-41,-66.813,139.854,1937.9,725.8,270.5
8,1,22,3,17,11,0,1,-41,-67.45,139.287,1305,720.3,269.7
9,1,22,3,17,11,0,1,-41,-69.763,136.66,101.7,733.9,262.3
1,1,22,3,17,10,0,2,-42,-69.696,139.748,1130,653.2,264.8
2,1,22,3,17,10,0,2,-42,-69.402,140.851,340.6,742.9,264.4
3,1,22,3,17,10,0,2,-42,-70.296,132.585,0,722.9,261.7
4,1,22,3,17,10,0,2,-42,-64.35,143.561,1032.4,885.8,278.7
5,1,22,3,17,10,0,2,-42,-66.02,143.965,1046.1,888.5,275.6
6,1,22,3,17,10,0,2,-42,-67.204,140.649,633.6,835,271.6
7,1,22,3,17,10,0,2,-42,-66.498,140.538,1889.3,760.9,272.2
8,1,22,3,17,10,0,2,-42,-67.18,139.868,1257.5,760.2,270.8
9,1,22,3,17,10,0,2,-42,-69.688,137.166,90.5,736.1,262
1,1,22,3,17,9,0,3,-43,-69.529,139.49,1103.1,655.2,264.8
2,1,22,3,17,9,0,3,-43,-69.529,141.127,379.9,739.2,264
3,1,22,3,17,9,0,3,-43,-70.194,133.285,0,723.8,260.9
4,1,22,3,17,9,0,3,-43,-64.002,144.412,958.3,895.4,279.7
5,1,22,3,17,9,0,3,-43,-66.015,144.498,1120.7,879.7,275.5
6,1,22,3,17,9,0,3,-43,-67.288,141.49,755.9,828.8,271.2
7,1,22,3,17,9,0,3,-43,-66.185,141.23,1777.6,797.6,274
8,1,22,3,17,9,0,3,-43,-66.988,140.534,1259.9,786.8,271.5
9,1,22,3,17,9,0,3,-43,-69.637,137.709,82.6,736.7,261.6
1,1,22,3,17,8,0,2,-44,-69.325,139.306,1086.5,658,264.8
2,1,22,3,17,8,0,2,-44,-69.685,141.354,421.4,733.9,263.6
3,1,22,3,17,8,0,2,-44,-70.117,133.982,0,725.8,260.6
4,1,22,3,17,8,0,2,-44,-63.629,145.155,905.1,901.5,279.8
5,1,22,3,17,8,0,2,-44,-66.007,144.883,1167.8,874.6,275.7
6,1,22,3,17,8,0,2,-44,-67.391,142.231,838.5,829.5,271.4
7,1,22,3,17,8,0,2,-44,-65.886,141.948,1661.2,823.7,274.9
8,1,22,3,17,8,0,2,-44,-66.822,141.204,1298.6,802.8,271.9
9,1,22,3,17,8,0,2,-44,-69.615,138.269,78.4,738.1,261.4
1,1,22,3,17,7,0,1,-45,-69.087,139.178,1086.1,660,265.1
2,1,22,3,17,7,0,1,-45,-69.874,141.513,456.6,727.8,263.1
3,1,22,3,17,7,0,1,-45,-70.059,134.641,0,734.1,261.8
4,1,22,3,17,7,0,1,-45,-63.249,145.785,874.5,905.2,280.1
5,1,22,3,17,7,0,1,-45,-66.006,145.193,1182.9,873.7,275.8
6,1,22,3,17,7,0,1,-45,-67.547,142.921,695.4,860.2,271.7
7,1,22,3,17,7,0,1,-45,-65.602,142.648,1596,828.7,275.3
8,1,22,3,17,7,0,1,-45,-66.702,141.905,1340.1,816.8,272.3
9,1,22,3,17,7,0,1,-45,-69.637,138.784,75.4,740.6,261
1,1,22,3,17,6,0,0,-46,-68.802,139.105,1085.2,666.8,265.4
2,1,22,3,17,6,0,0,-46,-70.095,141.608,484.6,722.3,262.6
3,1,22,3,17,6,0,0,-46,-70.013,135.245,0,739.1,262.4
4,1,22,3,17,6,0,0,-46,-62.863,146.303,869.2,907.3,280.4
5,1,22,3,17,6,0,0,-46,-66.011,145.448,1198.8,872.7,275.8
6,1,22,3,17,6,0,0,-46,-67.874,143.541,526.9,904.8,269.8
7,1,22,3,17,6,0,0,-46,-65.308,143.279,1535.2,835.4,275.6
8,1,22,3,17,6,0,0,-46,-66.619,142.584,1328.2,826.6,272.8
9,1,22,3,17,6,0,0,-46,-69.704,139.216,74.7,743.1,260.5
1,1,22,3,17,5,0,1,-47,-68.511,139.182,1077.5,678.2,265.9
2,1,22,3,17,5,0,1,-47,-70.343,141.632,502.5,719.1,261.7
3,1,22,3,17,5,0,1,-47,-69.981,135.812,0,739.5,262.3
4,1,22,3,17,5,0,1,-47,-62.462,146.727,873.9,905.5,280.2
5,1,22,3,17,5,0,1,-47,-66.031,145.658,1231.3,870.2,275.3
6,1,22,3,17,5,0,1,-47,-68.297,144.102,590,906.9,267.1
7,1,22,3,17,5,0,1,-47,-64.99,143.833,1495.3,841.6,275.8
8,1,22,3,17,5,0,1,-47,-66.591,143.244,1238.9,851.4,273.3
9,1,22,3,17,5,0,1,-47,-69.808,139.547,75.4,744.6,258.7
1,1,22,3,17,4,0,2,-48,-68.255,139.435,1060.2,691.9,266.4
2,1,22,3,17,4,0,2,-48,-70.612,141.576,515.4,715.7,260.6
3,1,22,3,17,4,0,2,-48,-69.963,136.359,0,740.2,261.9
4,1,22,3,17,4,0,2,-48,-62.044,147.076,868.5,906.1,280.3
5,1,22,3,17,4,0,2,-48,-66.077,145.83,1284.7,864.5,274.8
6,1,22,3,17,4,0,2,-48,-68.747,144.659,728,836,266.1
7,1,22,3,17,4,0,2,-48,-64.667,144.305,1480.8,841.9,276
8,1,22,3,17,4,0,2,-48,-66.634,143.85,1170.6,868.7,273.3
9,1,22,3,17,4,0,2,-48,-69.942,139.791,78,744.5,256.7
1,1,22,3,17,3,0,3,-49,-68.05,139.822,1040.4,708.8,267
2,1,22,3,17,3,0,3,-49,-70.897,141.429,542.2,711.4,259.4
3,1,22,3,17,3,0,3,-49,-69.953,136.894,0,740.6,261.4
4,1,22,3,17,3,0,3,-49,-61.609,147.352,859.4,908.8,280.5
5,1,22,3,17,3,0,3,-49,-66.148,145.967,1353.8,857,274.2
6,1,22,3,17,3,0,3,-49,-69.141,144.889,881.5,758.2,268.3
7,1,22,3,17,3,0,3,-49,-64.349,144.709,1462.4,841.9,276.3
8,1,22,3,17,3,0,3,-49,-66.746,144.382,1168.2,871.8,272.8
9,1,22,3,17,3,0,3,-49,-70.095,139.967,85,744.7,255
1,1,22,3,17,2,0,2,-50,-67.91,140.251,1033,726.8,267.4
2,1,22,3,17,2,0,2,-50,-71.18,141.174,600.2,702.1,259.3
3,1,22,3,17,2,0,2,-50,-69.964,137.392,0,740.4,258.5
4,1,22,3,17,2,0,2,-50,-61.154,147.542,854.7,909.1,280.6
5,1,22,3,17,2,0,2,-50,-66.231,146.042,1422.3,848.3,273.3
6,1,22,3,17,2,0,2,-50,-69.548,144.852,1008,734.7,266.8
7,1,22,3,17,2,0,2,-50,-64.017,145.087,1427.7,846.9,276.5
8,1,22,3,17,2,0,2,-50,-66.912,144.826,1226.8,871.5,272.1
9,1,22,3,17,2,0,2,-50,-70.26,140.065,98.4,743.6,254.2
1,1,22,3,17,1,0,1,-51,-67.816,140.641,1030,741.9,267.7
2,1,22,3,17,1,0,1,-51,-71.439,140.782,674.8,688,259.3
3,1,22,3,17,1,0,1,-51,-70.002,137.837,0,738.7,255.9
4,1,22,3,17,1,0,1,-51,-60.67,147.646,841.2,910.2,280.9
5,1,22,3,17,1,0,1,-51,-66.321,146.06,1473.9,842.9,272.6
6,1,22,3,17,1,0,1,-51,-69.939,144.464,1164.3,703,265.6
7,1,22,3,17,1,0,1,-51,-63.67,145.439,1383.7,852,276.7
8,1,22,3,17,1,0,1,-51,-67.101,145.131,1334.4,853.4,271.7
9,1,22,3,17,1,0,1,-51,-70.425,140.076,117.5,740.8,253.5
1,1,22,3,17,0,0,0,-52,-67.747,140.977,1034.7,753.1,268
2,1,22,3,17,0,0,0,-52,-71.674,140.25,737.3,677.2,258.9
3,1,22,3,17,0,0,0,-52,-70.063,138.209,0.5,738.2,253.5
4,1,22,3,17,0,0,0,-52,-60.141,147.677,813.8,913.9,281.3
5,1,22,3,17,0,0,0,-52,-66.418,146.046,1507.9,839.4,271.9
6,1,22,3,17,0,0,0,-52,-70.291,143.764,1350.8,671.4,263.8
7,1,22,3,17,0,0,0,-52,-63.321,145.749,1319.5,858.2,277.1
8,1,22,3,17,0,0,0,-52,-67.289,145.254,1455.5,822.8,270.9
9,1,22,3,17,0,0,0,-52,-70.579,140.007,137.2,737.2,252.7
1,1,22,3,16,23,0,1,-53,-67.691,141.283,1052.6,762.9,268
2,1,22,3,16,23,0,1,-53,-71.886,139.583,790.8,670.3,258.6
3,1,22,3,16,23,0,1,-53,-70.139,138.476,1.6,739.4,250.7
4,1,22,3,16,23,0,1,-53,-59.567,147.652,791.6,918.5,281.3
5,1,22,3,16,23,0,1,-53,-66.521,145.998,1542.8,837.6,271.6
6,1,22,3,16,23,0,1,-53,-70.591,142.84,1538.6,640.4,262.3
7,1,22,3,16,23,0,1,-53,-62.963,146.041,1254.7,868.5,277.6
8,1,22,3,16,23,0,1,-53,-67.462,145.199,1551.7,797.1,270
9,1,22,3,16,23,0,1,-53,-70.72,139.88,153.1,733.8,252.4
1,1,22,3,16,22,0,2,-54,-67.648,141.57,1084,769.1,267.9
2,1,22,3,16,22,0,2,-54,-72.074,138.754,859.4,658.4,258.8
3,1,22,3,16,22,0,2,-54,-70.218,138.642,2.7,740,248.3
4,1,22,3,16,22,0,2,-54,-58.95,147.59,801.3,917.1,281.2
5,1,22,3,16,22,0,2,-54,-66.62,145.897,1589.8,831.7,271.4
6,1,22,3,16,22,0,2,-54,-70.838,141.74,1682.6,613,260.2
7,1,22,3,16,22,0,2,-54,-62.599,146.286,1240.7,869.4,277.7
8,1,22,3,16,22,0,2,-54,-67.62,145.007,1617.9,779.7,269.2
9,1,22,3,16,22,0,2,-54,-70.852,139.718,163.7,730.9,251.8
1,1,22,3,16,21,0,3,-55,-67.612,141.819,1118.9,773.9,267.9
2,1,22,3,16,21,0,3,-55,-72.248,137.791,937.9,644.8,258.6
3,1,22,3,16,21,0,3,-55,-70.297,138.734,3.8,740,246.1
4,1,22,3,16,21,0,3,-55,-58.292,147.492,826.9,913.9,281.3
5,1,22,3,16,21,0,3,-55,-66.715,145.746,1629.6,827.4,270.9
6,1,22,3,16,21,0,3,-55,-71.031,140.55,1794.9,593.7,258.4
7,1,22,3,16,21,0,3,-55,-62.231,146.43,1267,866.4,278
8,1,22,3,16,21,0,3,-55,-67.765,144.742,1693.2,768.2,268.5
9,1,22,3,16,21,0,3,-55,-70.975,139.519,168,728.1,251.1
1,1,22,3,16,20,0,2,-56,-67.588,142.027,1152.9,777.6,267.7
2,1,22,3,16,20,0,2,-56,-72.397,136.69,1009.4,630.1,258
3,1,22,3,16,20,0,2,-56,-70.369,138.771,4.8,739.4,247.9
4,1,22,3,16,20,0,2,-56,-57.593,147.356,828.1,914.2,281.2
5,1,22,3,16,20,0,2,-56,-66.812,145.578,1650.9,825.4,270.3
6,1,22,3,16,20,0,2,-56,-71.166,139.307,1847.1,580.8,257.5
7,1,22,3,16,20,0,2,-56,-61.855,146.482,1288.2,864.4,278
8,1,22,3,16,20,0,2,-56,-67.897,144.449,1800.2,757.7,267.9
9,1,22,3,16,20,0,2,-56,-71.082,139.296,170.5,725.4,251.4
1,1,22,3,16,19,0,1,-57,-67.581,142.2,1176.6,782.9,267.3
2,1,22,3,16,19,0,1,-57,-72.51,135.446,1043.7,618.4,257.5
3,1,22,3,16,19,0,1,-57,-70.43,138.767,5.5,738.8,249.7
4,1,22,3,16,19,0,1,-57,-56.843,147.211,812.7,916.4,281.3
5,1,22,3,16,19,0,1,-57,-66.913,145.413,1661.1,824.6,269.7
6,1,22,3,16,19,0,1,-57,-71.252,138.056,1880.5,572.7,257
7,1,22,3,16,19,0,1,-57,-61.473,146.495,1297.1,863.9,278
8,1,22,3,16,19,0,1,-57,-68.017,144.151,1896.3,752.3,267.5
9,1,22,3,16,19,0,1,-57,-71.172,139.053,177.3,722.8,252.1
1,1,22,3,16,18,0,0,-58,-67.59,142.338,1189.8,786.8,267
2,1,22,3,16,18,0,0,-58,-72.599,134.044,1055.9,606.2,257.1
3,1,22,3,16,18,0,0,-58,-70.48,138.734,6.1,738.2,251.6
4,1,22,3,16,18,0,0,-58,-56.039,147.056,808.5,917.9,281.5
5,1,22,3,16,18,0,0,-58,-67.016,145.243,1664.9,823.1,269.3
6,1,22,3,16,18,0,0,-58,-71.298,136.827,1924.2,565.5,256.4
7,1,22,3,16,18,0,0,-58,-61.066,146.46,1299.4,864.1,278.2
8,1,22,3,16,18,0,0,-58,-68.125,143.834,1935.4,738,267
9,1,22,3,16,18,0,0,-58,-71.243,138.774,187.3,719.9,253.3
1,1,22,3,16,17,0,1,-59,-67.611,142.423,1198.2,787.9,267.1
2,1,22,3,16,17,0,1,-59,-72.636,132.454,1023,603.3,257.1
3,1,22,3,16,17,0,1,-59,-70.521,138.674,6.6,737.4,253.7
4,1,22,3,16,17,0,1,-59,-55.208,146.919,816.4,917.4,281.5
5,1,22,3,16,17,0,1,-59,-67.119,145.051,1680.5,814,269.1
6,1,22,3,16,17,0,1,-59,-71.288,135.602,1909.8,560.3,256
7,1,22,3,16,17,0,1,-59,-60.637,146.398,1308.5,863.7,278
8,1,22,3,16,17,0,1,-59,-68.205,143.42,1953.3,716.6,266.3
9,1,22,3,16,17,0,1,-59,-71.288,138.454,194.7,716.8,254.8
1,1,22,3,16,16,0,2,-60,-67.645,142.438,1201.3,786.1,267.1
2,1,22,3,16,16,0,2,-60,-72.542,130.701,968.3,600.5,257.2
3,1,22,3,16,16,0,2,-60,-70.547,138.589,7.1,736.5,255.8
4,1,22,3,16,16,0,2,-60,-54.377,146.834,833.6,916.4,281.7
5,1,22,3,16,16,0,2,-60,-67.22,144.821,1727.2,800.2,268.7
6,1,22,3,16,16,0,2,-60,-71.208,134.329,1841.2,560.4,256.3
7,1,22,3,16,16,0,2,-60,-60.206,146.323,1323.7,862.2,278.1
8,1,22,3,16,16,0,2,-60,-68.25,142.888,1992.4,691.6,265.4
9,1,22,3,16,16,0,2,-60,-71.299,138.13,196.9,714.3,256
1,1,22,3,16,15,0,3,-61,-67.687,142.383,1202.1,780.8,267
2,1,22,3,16,15,0,3,-61,-72.288,128.863,935.5,599.5,257.5
3,1,22,3,16,15,0,3,-61,-70.557,138.482,7.6,735.4,257.9
4,1,22,3,16,15,0,3,-61,-53.552,146.773,878.3,912.7,281.6
5,1,22,3,16,15,0,3,-61,-67.32,144.552,1781.5,787.9,268.3
6,1,22,3,16,15,0,3,-61,-71.053,133.039,1793.3,557.2,256.4
7,1,22,3,16,15,0,3,-61,-59.759,146.222,1334.2,861.8,278.4
8,1,22,3,16,15,0,3,-61,-68.237,142.229,2007.3,664.6,264.1
9,1,22,3,16,15,0,3,-61,-71.271,137.817,196.8,712.6,257.3
1,1,22,3,16,14,0,2,-62,-67.733,142.221,1203.2,770.4,266.8
2,1,22,3,16,14,0,2,-62,-71.859,127.207,853.3,609.7,258
3,1,22,3,16,14,0,2,-62,-70.553,138.365,8,735.1,257.9
4,1,22,3,16,14,0,2,-62,-52.736,146.709,937.7,907.6,281.5
5,1,22,3,16,14,0,2,-62,-67.42,144.222,1822.3,780.4,268
6,1,22,3,16,14,0,2,-62,-70.802,131.762,1773.6,562.3,256.8
7,1,22,3,16,14,0,2,-62,-59.294,146.13,1366.8,858.7,278
8,1,22,3,16,14,0,2,-62,-68.168,141.485,1975,651.9,263.6
9,1,22,3,16,14,0,2,-62,-71.217,137.508,194.5,712,258
1,1,22,3,16,13,0,1,-63,-67.772,141.91,1202.2,755.8,266.5
2,1,22,3,16,13,0,1,-63,-71.252,126.055,754.3,626,258.6
3,1,22,3,16,13,0,1,-63,-70.538,138.244,8.3,734.9,257.9
4,1,22,3,16,13,0,1,-63,-51.951,146.651,1021.9,898.6,281.1
5,1,22,3,16,13,0,1,-63,-67.519,143.803,1839.2,772.8,267.6
6,1,22,3,16,13,0,1,-63,-70.427,130.541,1766.3,569.4,257.3
7,1,22,3,16,13,0,1,-63,-58.838,146.041,1419.7,853.4,277.8
8,1,22,3,16,13,0,1,-63,-68.067,140.742,1952.4,643.5,263.6
9,1,22,3,16,13,0,1,-63,-71.145,137.218,191.1,711.8,258.5
1,1,22,3,16,12,0,0,-64,-67.782,141.461,1201.5,744.7,266.3
2,1,22,3,16,12,0,0,-64,-70.51,125.545,612.9,656.4,259.7
3,1,22,3,16,12,0,0,-64,-70.515,138.111,8.5,735,258
4,1,22,3,16,12,0,0,-64,-51.188,146.603,1079,892.7,280.9
5,1,22,3,16,12,0,0,-64,-67.607,143.253,1849.5,753.9,267.1
6,1,22,3,16,12,0,0,-64,-69.951,129.432,1735.2,580.9,258.2
7,1,22,3,16,12,0,0,-64,-58.383,145.934,1474.5,848.3,277.5
8,1,22,3,16,12,0,0,-64,-67.936,140.068,1940.2,642.1,264
9,1,22,3,16,12,0,0,-64,-71.049,136.973,188,711.9,259.1
1,1,22,3,16,11,0,1,-65,-67.736,140.89,1203.3,735.4,266.2
2,1,22,3,16,11,0,1,-65,-69.777,125.666,484.8,685.7,260.9
3,1,22,3,16,11,0,1,-65,-70.482,137.958,8.6,733.7,258.3
4,1,22,3,16,11,0,1,-65,-50.444,146.571,1102.8,891,281.1
5,1,22,3,16,11,0,1,-65,-67.657,142.565,1843.6,727.4,266.2
6,1,22,3,16,11,0,1,-65,-69.372,128.586,1672.5,604.5,259.7
7,1,22,3,16,11,0,1,-65,-57.914,145.819,1532.6,842.4,277
8,1,22,3,16,11,0,1,-65,-67.775,139.403,1937.6,641.6,263.8
9,1,22,3,16,11,0,1,-65,-70.936,136.74,184.1,711.2,258.7
1,1,22,3,16,10,0,2,-66,-67.619,140.21,1194.3,734.2,266.2
2,1,22,3,16,10,0,2,-66,-69.106,126.211,323.2,720.8,262.4
3,1,22,3,16,10,0,2,-66,-70.439,137.789,8.6,732.9,258.4
4,1,22,3,16,10,0,2,-66,-49.722,146.561,1114.7,890.3,281.4
5,1,22,3,16,10,0,2,-66,-67.636,141.775,1810.9,704.9,265.5
6,1,22,3,16,10,0,2,-66,-68.702,128.144,1613.8,633,261.3
7,1,22,3,16,10,0,2,-66,-57.461,145.677,1571,838.6,276.9
8,1,22,3,16,10,0,2,-66,-67.571,138.678,1914.6,649.4,264.2
9,1,22,3,16,10,0,2,-66,-70.82,136.476,178,711.2,258.3
1,1,22,3,16,9,0,3,-67,-67.44,139.501,1169.1,737.5,265.9
2,1,22,3,16,9,0,3,-67,-68.587,126.995,120.7,773,264.5
3,1,22,3,16,9,0,3,-67,-70.387,137.618,8.6,732.4,258.5
4,1,22,3,16,9,0,3,-67,-49.04,146.571,1115.7,890.5,281.7
5,1,22,3,16,9,0,3,-67,-67.543,140.92,1758.4,698.8,265.2
6,1,22,3,16,9,0,3,-67,-68.009,128.051,1588.3,668.3,263
7,1,22,3,16,9,0,3,-67,-57.011,145.507,1577.9,838.2,277.1
8,1,22,3,16,9,0,3,-67,-67.296,137.922,1921.6,663.2,265
9,1,22,3,16,9,0,3,-67,-70.7,136.199,171.8,711.4,258.2
1,1,22,3,16,8,0,2,-68,-67.209,138.831,1145.9,744.9,265.9
2,1,22,3,16,8,0,2,-68,-68.245,127.799,28.3,805,265.9
3,1,22,3,16,8,0,2,-68,-70.328,137.456,8.6,732.6,259.1
4,1,22,3,16,8,0,2,-68,-48.378,146.595,1105.9,892.3,282
5,1,22,3,16,8,0,2,-68,-67.377,140.02,1719.8,702.7,265.6
6,1,22,3,16,8,0,2,-68,-67.35,128.385,1338.3,779,268
7,1,22,3,16,8,0,2,-68,-56.543,145.362,1582.8,838.8,276.8
8,1,22,3,16,8,0,2,-68,-66.957,137.229,1927.3,683.7,265.9
9,1,22,3,16,8,0,2,-68,-70.579,135.933,163.5,712.3,258.4
1,1,22,3,16,7,0,1,-69,-66.931,138.249,1128.2,767.1,266.7
2,1,22,3,16,7,0,1,-69,-67.968,128.552,0.8,825.6,267.2
3,1,22,3,16,7,0,1,-69,-70.262,137.303,8.4,732.5,259.9
4,1,22,3,16,7,0,1,-69,-47.726,146.633,1092.6,893.5,282.3
5,1,22,3,16,7,0,1,-69,-67.137,139.121,1698.6,702.4,265.9
6,1,22,3,16,7,0,1,-69,-66.812,129.361,763.4,907.3,273.2
7,1,22,3,16,7,0,1,-69,-56.075,145.236,1624.5,834.7,276.5
8,1,22,3,16,7,0,1,-69,-66.576,136.769,1919,725.9,266.7
9,1,22,3,16,7,0,1,-69,-70.456,135.698,151.6,714.1,258.6
1,1,22,3,16,6,0,0,-70,-66.629,137.778,1124.2,800.9,268.2
2,1,22,3,16,6,0,0,-70,-67.735,129.18,0,864.1,268.9
3,1,22,3,16,6,0,0,-70,-70.19,137.156,7.8,732.3,261
4,1,22,3,16,6,0,0,-70,-47.085,146.709,1047.5,898.6,282.7
5,1,22,3,16,6,0,0,-70,-66.828,138.334,1703.3,725.7,266.5
6,1,22,3,16,6,0,0,-70,-66.276,130.615,726.6,887.5,271.3
7,1,22,3,16,6,0,0,-70,-55.621,145.095,1695.4,828,276.4
8,1,22,3,16,6,0,0,-70,-66.17,136.605,1879.1,777.7,268
9,1,22,3,16,6,0,0,-70,-70.331,135.506,137.2,716.1,259.1
1,1,22,3,16,5,0,1,-71,-66.33,137.45,1083.5,840.8,269.6
2,1,22,3,16,5,0,1,-71,-67.546,129.795,1.1,880.4,269.3
3,1,22,3,16,5,0,1,-71,-70.103,137.021,6.8,732.6,260.9
4,1,22,3,16,5,0,1,-71,-46.453,146.826,1019,903.9,283.3
5,1,22,3,16,5,0,1,-71,-66.485,137.726,1741.4,755.7,267.4
6,1,22,3,16,5,0,1,-71,-65.841,131.981,705.6,922.2,271.9
7,1,22,3,16,5,0,1,-71,-55.164,144.953,1787.8,818.7,276.1
8,1,22,3,16,5,0,1,-71,-65.765,136.632,1792.8,807,269.3
9,1,22,3,16,5,0,1,-71,-70.197,135.364,122.5,718.5,259.3
1,1,22,3,16,4,0,2,-72,-66.061,137.293,1001.6,883.9,271
2,1,22,3,16,4,0,2,-72,-67.346,130.545,12,872.2,268.1
3,1,22,3,16,4,0,2,-72,-69.996,136.908,5.9,733.4,260.8
4,1,22,3,16,4,0,2,-72,-45.84,146.968,1026.1,901.7,283.5
5,1,22,3,16,4,0,2,-72,-66.135,137.261,1705.6,799.7,269
6,1,22,3,16,4,0,2,-72,-65.452,133.043,699.4,918.7,273.4
7,1,22,3,16,4,0,2,-72,-54.712,144.803,1870.2,809.9,275.6
8,1,22,3,16,4,0,2,-72,-65.4,136.724,1653.7,820.6,270.1
9,1,22,3,16,4,0,2,-72,-70.052,135.266,109.8,720.7,259.6
1,1,22,3,16,3,0,3,-73,-65.812,137.302,867,905.9,271.4
2,1,22,3,16,3,0,3,-73,-67.118,131.49,20.4,853.6,265.5
3,1,22,3,16,3,0,3,-73,-69.876,136.812,5,734.6,260.5
4,1,22,3,16,3,0,3,-73,-45.224,147.14,965.7,909.4,283.9
5,1,22,3,16,3,0,3,-73,-65.803,136.893,1591.6,826.5,270.3
6,1,22,3,16,3,0,3,-73,-65.006,133.602,497.8,941.8,276.7
7,1,22,3,16,3,0,3,-73,-54.268,144.652,1910.4,806.5,275.5
8,1,22,3,16,3,0,3,-73,-65.051,136.873,1417.8,843.9,271.6
9,1,22,3,16,3,0,3,-73,-69.893,135.198,99.2,722,259.7
1,1,22,3,16,2,0,2,-74,-65.553,137.461,687.8,927.1,272.2
2,1,22,3,16,2,0,2,-74,-66.896,132.592,79.3,853.9,264.8
3,1,22,3,16,2,0,2,-74,-69.755,136.761,4.1,735.7,259.5
4,1,22,3,16,2,0,2,-74,-44.62,147.351,898,919.2,284.6
5,1,22,3,16,2,0,2,-74,-65.47,136.663,1403.8,846.4,271.6
6,1,22,3,16,2,0,2,-74,-64.438,133.729,308.3,969.4,276.6
7,1,22,3,16,2,0,2,-74,-53.823,144.52,1921.6,806.5,275.2
8,1,22,3,16,2,0,2,-74,-64.664,136.853,1148.9,877.5,273.2
9,1,22,3,16,2,0,2,-74,-69.72,135.142,89.2,724,259
1,1,22,3,16,1,0,1,-75,-65.27,137.477,510.1,947.5,273.9
2,1,22,3,16,1,0,1,-75,-66.75,133.588,81.3,885.2,265.5
3,1,22,3,16,1,0,1,-75,-69.641,136.777,3.1,736.8,258.6
4,1,22,3,16,1,0,1,-75,-44.058,147.578,901,918.7,284.7
5,1,22,3,16,1,0,1,-75,-65.11,136.443,1163.2,872.4,273.7
6,1,22,3,16,1,0,1,-75,-63.813,133.824,290.5,969,276.8
7,1,22,3,16,1,0,1,-75,-53.389,144.396,1942.6,805.3,275
8,1,22,3,16,1,0,1,-75,-64.252,136.658,1049,887.6,274.1
9,1,22,3,16,1,0,1,-75,-69.538,135.097,81,725.9,258.5
1,1,22,3,16,0,0,0,-76,-64.895,137.095,348.6,966,275.6
2,1,22,3,16,0,0,0,-76,-66.694,134.496,37.4,904.4,266
3,1,22,3,16,0,0,0,-76,-69.531,136.855,2.4,737.9,257.8
4,1,22,3,16,0,0,0,-76,-43.521,147.807,930.7,912.5,283.9
5,1,22,3,16,0,0,0,-76,-64.706,136.002,948,898,275.9
6,1,22,3,16,0,0,0,-76,-63.147,133.874,321.4,965.1,276.9
7,1,22,3,16,0,0,0,-76,-52.977,144.272,1997.7,800.7,274.7
8,1,22,3,16,0,0,0,-76,-63.834,136.516,1095.4,880.8,273.9
9,1,22,3,16,0,0,0,-76,-69.346,135.052,77,727.4,258.2
1,1,22,3,15,23,0,1,-77,-64.426,136.638,257.5,976.7,275.9
2,1,22,3,15,23,0,1,-77,-66.656,135.522,32.9,903.5,265.3
3,1,22,3,15,23,0,1,-77,-69.426,136.976,2,739.1,257
4,1,22,3,15,23,0,1,-77,-43.019,148.043,948.6,913.8,283.7
5,1,22,3,15,23,0,1,-77,-64.242,135.538,843.8,907.8,276.4
6,1,22,3,15,23,0,1,-77,-62.453,133.893,344,962.2,277.1
7,1,22,3,15,23,0,1,-77,-52.579,144.143,2069.9,793.1,274.5
8,1,22,3,15,23,0,1,-77,-63.416,136.351,1154.9,872.9,273.1
9,1,22,3,15,23,0,1,-77,-69.137,135.009,72.9,728.9,258.4
1,1,22,3,15,22,0,2,-78,-63.888,136.223,234.7,978.2,276.7
2,1,22,3,15,22,0,2,-78,-66.646,136.442,9.4,911.3,265.9
3,1,22,3,15,22,0,2,-78,-69.331,137.122,1.5,740,256.2
4,1,22,3,15,22,0,2,-78,-42.569,148.272,963.7,903.9,283.1
5,1,22,3,15,22,0,2,-78,-63.71,135.046,821.7,908.1,276.8
6,1,22,3,15,22,0,2,-78,-61.748,133.903,349.6,962.3,277
7,1,22,3,15,22,0,2,-78,-52.193,143.993,2128.7,787.6,274.4
8,1,22,3,15,22,0,2,-78,-62.984,136.06,1175.3,870.9,273
9,1,22,3,15,22,0,2,-78,-68.91,135.01,62.1,734,258.6
1,1,22,3,15,21,0,3,-79,-63.288,135.866,233.5,977.4,277.2
2,1,22,3,15,21,0,3,-79,-66.657,137.295,4.9,912,265.7
3,1,22,3,15,21,0,3,-79,-69.248,137.289,0.6,740.5,255.5
4,1,22,3,15,21,0,3,-79,-42.173,148.495,1014.4,895,282.6
5,1,22,3,15,21,0,3,-79,-63.129,134.532,790,910.6,277.4
6,1,22,3,15,21,0,3,-79,-61.04,133.908,361,961.6,277.1
7,1,22,3,15,21,0,3,-79,-51.823,143.824,2181.3,784,274.3
8,1,22,3,15,21,0,3,-79,-62.539,135.674,1176.3,870.6,272.9
9,1,22,3,15,21,0,3,-79,-68.693,135.163,43.2,743.6,258.5
1,1,22,3,15,20,0,2,-80,-62.648,135.596,227.1,978.8,276.8
2,1,22,3,15,20,0,2,-80,-66.684,138.087,0.5,912.3,265.5
3,1,22,3,15,20,0,2,-80,-69.185,137.456,0,740.8,254.9
4,1,22,3,15,20,0,2,-80,-41.818,148.732,1068.7,893,282.6
5,1,22,3,15,20,0,2,-80,-62.488,134.049,756.4,915.6,277.3
6,1,22,3,15,20,0,2,-80,-60.328,133.914,378.2,960.1,277.6
7,1,22,3,15,20,0,2,-80,-51.463,143.641,2270.3,774.3,273.9
8,1,22,3,15,20,0,2,-80,-62.063,135.251,1178.9,870.5,272.8
9,1,22,3,15,20,0,2,-80,-68.516,135.454,25.8,752.4,258.3
1,1,22,3,15,19,0,1,-81,-62.01,135.37,230.4,978.7,277.1
2,1,22,3,15,19,0,1,-81,-66.738,138.81,0,911.4,265.2
3,1,22,3,15,19,0,1,-81,-69.153,137.61,0,740.7,254.2
4,1,22,3,15,19,0,1,-81,-41.489,148.996,1092.6,898.4,283
5,1,22,3,15,19,0,1,-81,-61.825,133.556,767.2,913.2,277.5
6,1,22,3,15,19,0,1,-81,-59.606,133.921,386.9,960.1,277.4
7,1,22,3,15,19,0,1,-81,-51.106,143.434,2340.6,767.2,273.7
8,1,22,3,15,19,0,1,-81,-61.538,134.786,1202.7,867.8,272.8
9,1,22,3,15,19,0,1,-81,-68.392,135.808,14.7,759.3,258
1,1,22,3,15,18,0,0,-82,-61.375,135.156,242.9,977.5,277.9
2,1,22,3,15,18,0,0,-82,-66.82,139.437,4.7,910.8,264.9
3,1,22,3,15,18,0,0,-82,-69.156,137.752,0.1,740.2,253.3
4,1,22,3,15,18,0,0,-82,-41.182,149.285,1122.9,896.1,282.7
5,1,22,3,15,18,0,0,-82,-61.156,133.108,753.4,911.9,278
6,1,22,3,15,18,0,0,-82,-58.888,133.928,409.3,959.8,277.5
7,1,22,3,15,18,0,0,-82,-50.747,143.219,2402.5,762.9,273.4
8,1,22,3,15,18,0,0,-82,-60.983,134.316,1252.1,864.2,272.6
9,1,22,3,15,18,0,0,-82,-68.311,136.177,8.5,763.5,257.8
1,1,22,3,15,17,0,1,-83,-60.743,134.941,261.2,976.1,278
2,1,22,3,15,17,0,1,-83,-66.917,139.914,18.4,909.2,264.7
3,1,22,3,15,17,0,1,-83,-69.194,137.856,0.7,739.4,252.2
4,1,22,3,15,17,0,1,-83,-40.898,149.593,1175.1,891,282.3
5,1,22,3,15,17,0,1,-83,-60.455,132.715,740.2,919.8,278
6,1,22,3,15,17,0,1,-83,-58.176,133.925,440.3,954.2,277.5
7,1,22,3,15,17,0,1,-83,-50.38,143.023,2497.3,755.1,273
8,1,22,3,15,17,0,1,-83,-60.416,133.87,1285.1,855.8,272.4
9,1,22,3,15,17,0,1,-83,-68.268,136.523,5.3,765,257.7
1,1,22,3,15,16,0,2,-84,-60.096,134.733,278.6,973.6,278.2
2,1,22,3,15,16,0,2,-84,-67.016,140.275,56.5,902.7,264.7
3,1,22,3,15,16,0,2,-84,-69.262,137.9,1.5,738.3,250.9
4,1,22,3,15,16,0,2,-84,-40.63,149.901,1231.2,883.3,282
5,1,22,3,15,16,0,2,-84,-59.726,132.35,766.3,915.3,277.9
6,1,22,3,15,16,0,2,-84,-57.47,133.941,466.3,953.1,277.3
7,1,22,3,15,16,0,2,-84,-50.007,142.826,2585.8,743,272.6
8,1,22,3,15,16,0,2,-84,-59.822,133.449,1296.8,859.6,272.7
9,1,22,3,15,16,0,2,-84,-68.257,136.826,3.1,765.3,257.4
1,1,22,3,15,15,0,3,-85,-59.437,134.542,298.1,973.6,278.6
2,1,22,3,15,15,0,3,-85,-67.109,140.55,103.7,890.7,264.7
3,1,22,3,15,15,0,3,-85,-69.357,137.891,2.6,737.1,249.3
4,1,22,3,15,15,0,3,-85,-40.369,150.208,1284.6,879.5,281.7
5,1,22,3,15,15,0,3,-85,-59.002,132.032,806.8,910.7,278.1
6,1,22,3,15,15,0,3,-85,-56.773,133.961,499.9,950.9,277.2
7,1,22,3,15,15,0,3,-85,-49.623,142.641,2617.9,740,272.5
8,1,22,3,15,15,0,3,-85,-59.195,133.057,1332.1,856,272.8
9,1,22,3,15,15,0,3,-85,-68.278,137.082,1.7,764.7,256.9
1,1,22,3,15,14,0,2,-86,-58.774,134.346,328.2,970.5,278.5
2,1,22,3,15,14,0,2,-86,-67.201,140.744,144.9,881.4,264.1
3,1,22,3,15,14,0,2,-86,-69.466,137.833,4,735.5,247.7
4,1,22,3,15,14,0,2,-86,-40.122,150.521,1329.1,873,281.4
5,1,22,3,15,14,0,2,-86,-58.276,131.757,836.5,906,277.3
6,1,22,3,15,14,0,2,-86,-56.086,133.97,545.5,946.8,277.3
7,1,22,3,15,14,0,2,-86,-49.233,142.507,2611.8,742.9,272.9
8,1,22,3,15,14,0,2,-86,-58.557,132.689,1371.5,850.1,272.9
9,1,22,3,15,14,0,2,-86,-68.326,137.276,1,764,255.9
1,1,22,3,15,13,0,1,-87,-58.107,134.155,362.1,967.7,278.4
2,1,22,3,15,13,0,1,-87,-67.301,140.877,197.1,869.3,263.9
3,1,22,3,15,13,0,1,-87,-69.577,137.73,5.6,733.9,246.4
4,1,22,3,15,13,0,1,-87,-39.892,150.848,1350.7,871.6,281.4
5,1,22,3,15,13,0,1,-87,-57.538,131.514,851.9,906.7,277.5
6,1,22,3,15,13,0,1,-87,-55.423,133.95,587.4,941.8,277.2
7,1,22,3,15,13,0,1,-87,-48.849,142.424,2599.5,745,273.1
8,1,22,3,15,13,0,1,-87,-57.92,132.337,1402.9,847.7,273.1
9,1,22,3,15,13,0,1,-87,-68.396,137.399,1,762,254.6
1,1,22,3,15,12,0,0,-88,-57.442,133.963,388.3,964.7,278.4
2,1,22,3,15,12,0,0,-88,-67.414,140.925,266.1,850.8,263.4
3,1,22,3,15,12,0,0,-88,-69.689,137.587,7.6,732.2,245.5
4,1,22,3,15,12,0,0,-88,-39.679,151.175,1375,871.7,281.6
5,1,22,3,15,12,0,0,-88,-56.81,131.288,860.1,905.9,277.9
6,1,22,3,15,12,0,0,-88,-54.784,133.914,600.3,940.7,277.2
7,1,22,3,15,12,0,0,-88,-48.472,142.393,2593.9,746.7,273.3
8,1,22,3,15,12,0,0,-88,-57.293,131.99,1404.3,845.4,273.4
9,1,22,3,15,12,0,0,-88,-68.485,137.453,1.6,759,253.2
1,1,22,3,15,11,0,1,-89,-56.775,133.792,404.6,964.2,278.1
2,1,22,3,15,11,0,1,-89,-67.544,140.866,355.4,828.5,262.8
3,1,22,3,15,11,0,1,-89,-69.798,137.408,9.8,730,245.2
4,1,22,3,15,11,0,1,-89,-39.494,151.498,1409.5,866.7,281.3
5,1,22,3,15,11,0,1,-89,-56.096,131.09,862.9,907.5,277.7
6,1,22,3,15,11,0,1,-89,-54.153,133.916,589.8,944.1,277.2
7,1,22,3,15,11,0,1,-89,-48.112,142.4,2601.2,746.1,273.4
8,1,22,3,15,11,0,1,-89,-56.66,131.65,1385.2,851.7,273.4
9,1,22,3,15,11,0,1,-89,-68.586,137.447,2.5,754.7,252.2
1,1,22,3,15,10,0,2,-90,-56.11,133.663,430.2,963.5,277.8
2,1,22,3,15,10,0,2,-90,-67.673,140.683,450.2,800.7,262
3,1,22,3,15,10,0,2,-90,-69.902,137.197,12.5,727.9,245.5
4,1,22,3,15,10,0,2,-90,-39.336,151.827,1445.7,863.2,281
5,1,22,3,15,10,0,2,-90,-55.401,130.92,874.1,907.2,277.6
6,1,22,3,15,10,0,2,-90,-53.537,133.971,578.1,947.1,277.3
7,1,22,3,15,10,0,2,-90,-47.782,142.419,2615.1,744.8,273.4
8,1,22,3,15,10,0,2,-90,-56.024,131.328,1390.7,852.4,273.4
9,1,22,3,15,10,0,2,-90,-68.693,137.391,3.9,750.3,250.9
1,1,22,3,15,9,0,3,-91,-55.46,133.548,454.7,958.3,277.5
2,1,22,3,15,9,0,3,-91,-67.777,140.371,528.7,776.7,261.4
3,1,22,3,15,9,0,3,-91,-69.999,136.956,15.8,726.2,246.2
4,1,22,3,15,9,0,3,-91,-39.202,152.169,1490.9,858.8,280.8
5,1,22,3,15,9,0,3,-91,-54.723,130.742,905.6,905.6,277.6
6,1,22,3,15,9,0,3,-91,-52.952,134.062,575.7,948.5,277.4
7,1,22,3,15,9,0,3,-91,-47.487,142.462,2635.8,743.5,273.3
8,1,22,3,15,9,0,3,-91,-55.405,130.999,1429.5,848.7,273.4
9,1,22,3,15,9,0,3,-91,-68.804,137.288,5.5,745.8,249.1
1,1,22,3,15,8,0,2,-92,-54.822,133.461,460.7,959,277.5
2,1,22,3,15,8,0,2,-92,-67.863,139.94,599.9,754.6,261.1
3,1,22,3,15,8,0,2,-92,-70.092,136.695,19.5,724.3,245.6
4,1,22,3,15,8,0,2,-92,-39.099,152.508,1532,852.7,280.8
5,1,22,3,15,8,0,2,-92,-54.057,130.552,966.5,899.8,277.5
6,1,22,3,15,8,0,2,-92,-52.383,134.183,588.1,948.3,277.4
7,1,22,3,15,8,0,2,-92,-47.217,142.514,2653.6,740.7,273.3
8,1,22,3,15,8,0,2,-92,-54.792,130.651,1476.3,841.3,273.3
9,1,22,3,15,8,0,2,-92,-68.919,137.156,7,741.6,248.2
1,1,22,3,15,7,0,1,-93,-54.186,133.418,469.8,961,277.5
2,1,22,3,15,7,0,1,-93,-67.934,139.341,667.1,728.9,260.6
3,1,22,3,15,7,0,1,-93,-70.185,136.417,24.6,721.9,245.2
4,1,22,3,15,7,0,1,-93,-39.024,152.838,1558.4,850.1,280.9
5,1,22,3,15,7,0,1,-93,-53.405,130.372,1013,889.8,276.7
6,1,22,3,15,7,0,1,-93,-51.822,134.316,608.3,946,277.4
7,1,22,3,15,7,0,1,-93,-46.961,142.533,2647.1,740.7,273.5
8,1,22,3,15,7,0,1,-93,-54.173,130.307,1517.1,838.6,273.6
9,1,22,3,15,7,0,1,-93,-69.038,137.009,8.5,738.2,247.7
1,1,22,3,15,6,0,0,-94,-53.552,133.404,490.7,958.5,277.4
2,1,22,3,15,6,0,0,-94,-67.977,138.566,713.1,709.7,259.9
3,1,22,3,15,6,0,0,-94,-70.281,136.121,31.7,719,245.1
4,1,22,3,15,6,0,0,-94,-38.974,153.163,1581.4,848.2,281
5,1,22,3,15,6,0,0,-94,-52.761,130.214,1030,891.8,277
6,1,22,3,15,6,0,0,-94,-51.281,134.454,616.8,945,277.4
7,1,22,3,15,6,0,0,-94,-46.723,142.522,2609.1,744.1,273.8
8,1,22,3,15,6,0,0,-94,-53.561,129.953,1543.7,834.2,273.8
9,1,22,3,15,6,0,0,-94,-69.161,136.851,10.3,735.6,247.8
1,1,22,3,15,5,0,1,-95,-52.929,133.419,508.3,957.2,277.4
2,1,22,3,15,5,0,1,-95,-68.008,137.746,715.4,704,259.4
3,1,22,3,15,5,0,1,-95,-70.39,135.805,41.8,715.6,245.6
4,1,22,3,15,5,0,1,-95,-38.942,153.488,1613.9,845.5,280.8
5,1,22,3,15,5,0,1,-95,-52.127,130.068,1061.7,889.6,276.7
6,1,22,3,15,5,0,1,-95,-50.762,134.619,610.5,948.1,277.6
7,1,22,3,15,5,0,1,-95,-46.493,142.515,2564.4,750.2,274.1
8,1,22,3,15,5,0,1,-95,-52.943,129.603,1548.7,836,273.9
9,1,22,3,15,5,0,1,-95,-69.286,136.68,12.8,732.9,246.9
1,1,22,3,15,4,0,2,-96,-52.325,133.466,514.7,957.6,277.5
2,1,22,3,15,4,0,2,-96,-68.034,136.929,739,696.2,259.2
3,1,22,3,15,4,0,2,-96,-70.52,135.458,55.8,711.7,245.8
4,1,22,3,15,4,0,2,-96,-38.923,153.813,1680.5,839.5,280.7
5,1,22,3,15,4,0,2,-96,-51.504,129.942,1087,886.8,276.5
6,1,22,3,15,4,0,2,-96,-50.274,134.822,608.3,949.3,277.7
7,1,22,3,15,4,0,2,-96,-46.26,142.518,2532.5,753.4,274.5
8,1,22,3,15,4,0,2,-96,-52.309,129.286,1547,836.9,274.1
9,1,22,3,15,4,0,2,-96,-69.416,136.498,16,730.1,246.2